023456789,John Smith,1234 Fake St,realemail@gmail.com, hhohoihohh
125836789,Jane Smith,1234 Real Ln,fakeemail@gmail.com
043723200,Marty Long,1234 Guy St,Marty@gmail.com
489023783,David Tennent,1234 Man St,David@gmail.com
564017768,Mario Lopez,1234 Snake St,Mario@gmail.com
069146249,Noctis Foz,1234 Horse Ln,Noctis@gmail.com
061234824,Luigu Boras,1234 Pipe Ave,Luigu@gmail.com
061234824,Man dud,1234 Pipe Ave,Luigu@gmail.com
061234824,sdagag sdafasd,1234 Pipe Ave,Luigu@gmail.com
061234824,qey dfhc,1234 Pipe Ave,Luigu@gmail.com
061234824,4hegr e,1234 Pipe Ave,Luigu@gmail.com
061234824,adsjkn ,1234 Pipe Ave,Luigu@gmail.com
061234824,adsjkn fdg,1234 Pipe Ave,Luigu@gmail.com
061234824,jr,1234 Pipe Ave,Luigu@gmail.com
061234824,rewts,1234 Pipe Ave,Luigu@gmail.com
061234824,agr,1234 Pipe Ave,Luigu@gmail.com
061234824,dfishduiaf,1234 Pipe Ave,Luigu@gmail.com
061234824,rigafhudv,1234 Pipe Ave,Luigu@gmail.com
061234824,ebahuonvk,1234 Pipe Ave,Luigu@gmail.com
061234824,agreodvz,1234 Pipe Ave,Luigu@gmail.com
061234824,iohjtwr,1234 Pipe Ave,Luigu@gmail.com
061234824,TRYE,1234 Pipe Ave,Luigu@gmail.com
061234824,EFRR,1234 Pipe Ave,Luigu@gmail.com
061234824,ytuj,1234 Pipe Ave,Luigu@gmail.com
061234824,hbgipu,1234 Pipe Ave,Luigu@gmail.com

